<annotation>
  <folder>train</folder>
  <filename>1058</filename>
  <path>C:\Users\Administrator\Desktop\prepare_image\Raw_img\train\1058.jpg</path>
  <source>
    <database>Unknown</database>
  </source>
  <size>
    <width>680</width>
    <height>480</height>
    <depth>3</depth>
  </size>
  <segmented>0</segmented>
  <object>
    <name>plate</name>
    <pose>Unspecified</pose>
    <truncated>0</truncated>
    <difficult>0</difficult>
    <bndbox>
      <xmin>263</xmin>
      <ymin>338</ymin>
      <xmax>441</xmax>
      <ymax>381</ymax>
    </bndbox>
  </object>
</annotation>
