<annotation>
	<folder>train</folder>
	<filename>1276.jpg</filename>
	<path>D:\pycharm project deeplearning\keras-yolo3-master\prepare_image\Raw_img\train\1276.jpg</path>
	<source>
		<database>Unknown</database>
	</source>
	<size>
		<width>680</width>
		<height>480</height>
		<depth>3</depth>
	</size>
	<segmented>0</segmented>
	<object>
		<name>plate</name>
		<pose>Unspecified</pose>
		<truncated>0</truncated>
		<difficult>0</difficult>
		<bndbox>
			<xmin>297</xmin>
			<ymin>395</ymin>
			<xmax>404</xmax>
			<ymax>420</ymax>
		</bndbox>
	</object>
</annotation>
