<annotation>
	<folder>train</folder>
	<filename>1277.jpg</filename>
	<path>D:\pycharm project deeplearning\keras-yolo3-master\prepare_image\Raw_img\train\1277.jpg</path>
	<source>
		<database>Unknown</database>
	</source>
	<size>
		<width>680</width>
		<height>480</height>
		<depth>3</depth>
	</size>
	<segmented>0</segmented>
	<object>
		<name>plate</name>
		<pose>Unspecified</pose>
		<truncated>0</truncated>
		<difficult>0</difficult>
		<bndbox>
			<xmin>314</xmin>
			<ymin>406</ymin>
			<xmax>425</xmax>
			<ymax>429</ymax>
		</bndbox>
	</object>
</annotation>
