<annotation>
	<folder>train</folder>
	<filename>1367.jpg</filename>
	<path>D:\pycharm project deeplearning\keras-yolo3-master\prepare_image\Raw_img\train\1367.jpg</path>
	<source>
		<database>Unknown</database>
	</source>
	<size>
		<width>680</width>
		<height>480</height>
		<depth>3</depth>
	</size>
	<segmented>0</segmented>
	<object>
		<name>plate</name>
		<pose>Unspecified</pose>
		<truncated>0</truncated>
		<difficult>0</difficult>
		<bndbox>
			<xmin>313</xmin>
			<ymin>382</ymin>
			<xmax>471</xmax>
			<ymax>407</ymax>
		</bndbox>
	</object>
</annotation>
